{
    "$schema": "https://schema.management.azure.com/schemas/2015-01-01/deploymentParameters.json#",
    "contentVersion": "1.0.0.0",
    "parameters": {
        "subscriptionId": {
            "value": "c6ee27f3-39c1-438c-8b43-4b3e858a8f25"
        },
        "name": {
            "value": "RCSPressWordPlay"
        },
        "location": {
            "value": "South Central US"
        },
        "hostingPlanName": {
            "value": "ASP-rackrcsdeploy-b5b8"
        },
        "serverFarmResourceGroup": {
            "value": "rack_rcs_deploy"
        },
        "ftpsState": {
            "value": "FtpsOnly"
        },
        "sku": {
            "value": "PremiumV2"
        },
        "skuCode": {
            "value": "P1v2"
        },
        "workerSize": {
            "value": "3"
        },
        "workerSizeId": {
            "value": "3"
        },
        "numberOfWorkers": {
            "value": "1"
        },
        "kind": {
            "value": "linux"
        },
        "reserved": {
            "value": true
        },
        "alwaysOn": {
            "value": true
        },
        "linuxFxVersion": {
            "value": "DOCKER|mcr.microsoft.com/appsvc/wordpress-alpine-php:8.2"
        },
        "dockerRegistryUrl": {
            "value": "https://mcr.microsoft.com"
        },
        "storageSizeGB": {
            "value": 128
        },
        "storageIops": {
            "value": 700
        },
        "storageAutoGrow": {
            "value": "Enabled"
        },
        "storageAutoIoScaling": {
            "value": "Enabled"
        },
        "backupRetentionDays": {
            "value": 7
        },
        "geoRedundantBackup": {
            "value": "Disabled"
        },
        "vmName": {
            "value": "Standard_B2s"
        },
        "serverEdition": {
            "value": "Burstable"
        },
        "vCores": {
            "value": 2
        },
        "charset": {
            "value": "utf8"
        },
        "collation": {
            "value": "utf8_general_ci"
        },
        "serverName": {
            "value": "b8ccbb7f570b4385563428c7-dbserver"
        },
        "serverUsername": {
            "value": "gcbjoldsxu"
        },
        "serverPassword": {
            "value": null
        },
        "databaseName": {
            "value": "b8ccbb7f570b4385563428c7_database"
        },
        "publicNetworkAccess": {
            "value": "Disabled"
        },
        "stagingDatabaseName": {
            "value": "b8ccbb7f570b4385563428c7_database_staging"
        },
        "wordpressTitle": {
            "value": "WordPress On Azure"
        },
        "wordpressAdminEmail": {
            "value": "walterm@rcsdistributiononline.onmicrosoft.com"
        },
        "wordpressUsername": {
            "value": "walterm"
        },
        "wordpressPassword": {
            "value": null
        },
        "wpLocaleCode": {
            "value": "en_US"
        },
        "cdnProfileName": {
            "value": "6af0c9fcfebb1626-cdnprofile"
        },
        "cdnEndpointName": {
            "value": "6af0c9fcfebb1626-endpoint"
        },
        "cdnType": {
            "value": "Standard_Microsoft"
        },
        "stagingCdnEndpointName": {
            "value": "6af0c9fcfebb1626-endpoint-staging"
        },
        "storageAccountName": {
            "value": "wpstorage4f7e5debd7"
        },
        "blobContainerName": {
            "value": "wpblob4f7e5debd7"
        },
        "storageAccountType": {
            "value": "Standard_RAGRS"
        },
        "storageAccountKind": {
            "value": "StorageV2"
        },
        "storageAccountResourceGroup": {
            "value": "rack_rcs_deploy"
        },
        "accessTier": {
            "value": "Hot"
        },
        "minimumTlsVersion": {
            "value": "TLS1_2"
        },
        "supportsHttpsTrafficOnly": {
            "value": true
        },
        "allowBlobPublicAccess": {
            "value": true
        },
        "allowSharedKeyAccess": {
            "value": true
        },
        "allowCrossTenantReplication": {
            "value": true
        },
        "networkAclsBypass": {
            "value": "AzureServices"
        },
        "networkAclsDefaultAction": {
            "value": "Allow"
        },
        "keySource": {
            "value": "Microsoft.Storage"
        },
        "encryptionEnabled": {
            "value": true
        },
        "infrastructureEncryptionEnabled": {
            "value": false
        },
        "blobPublicAccessLevel": {
            "value": "blob"
        },
        "stagingBlobContainerName": {
            "value": "wpblob4f7e5debd7staging"
        },
        "vnetName": {
            "value": "rcspresswo-afdd8fa99e-vnet"
        },
        "subnetForApp": {
            "value": "1c5dd27acb-appsubnet"
        },
        "subnetForDb": {
            "value": "1c5dd27acb-dbsubnet"
        },
        "privateDnsZoneNameForDb": {
            "value": "1c5dd27acb-privatelink.mysql.database.azure.com"
        },
        "emailDataLocation": {
            "value": "unitedstates"
        },
        "emailCommServiceName": {
            "value": "44f02b2773f4f63b5ddb-emailacsendpoint"
        },
        "commServiceName": {
            "value": "44f02b2773f4f63b5ddb-acsendpoint"
        }
    }
}